0,count
makeup,1843
shorts,1472
skincare,1231
beauty,880
kbeauty,727
dermreacts,359
skin,312
smallbusiness,310
skincareroutine,301
makeuptutorial,279
koreanskincare,212
beautytips,210
hair,200
grwm,191
lipgloss,155
acne,149
cosmetics,147
esthetician,143
trending,142
makeuptips,140
hairstyle,137
skincaretips,136
blush,128
koreanmakeup,124
lipcombo,124
lipstick,119
maccosmetics,101
browngirlmakeup,96
viral,95
haircare,92
sunscreen,91
makeuphacks,88
fyp,82
springonshorts,79
asmr,71
makeuplover,71
trendingshorts,70
makeupreview,70
makeupchallenge,69
beautyhacks,65
eyemakeup,60
subscribe,58
eyeshadow,58
makeuplook,57
reels,57
foundation,56
preppy,56
funmakeup,55
hairtutorial,55
kpop,54
viralshorts,52
acnetreatment,51
concealer,51
liptint,49
viralvideo,47
browngirl,47
fentybeauty,46
cute,46
haircut,45
drugstoremakeup,43
drunkelephant,42
ootd,41
eyeliner,40
makeuphack,39
lipstain,39
fypシ,39
shortsvideo,39
transition,39
korean,39
diy,38
fragrance,38
benefitcosmetics,37
anime,37
relatable,37
antiaging,37
paulaschoice,36
pimplepopping,35
sephora,35
hairinspo,35
fitcheck,34
lipbalm,34
korea,34
makeuptransition,34
cbeauty,34
diorbeauty,33
cushionfoundation,33
perfume,33
lipoil,33
newmakeup,33
beautynews,32
glassskin,32
elfcosmetics,31
youtubecreatorcommunity,31
holidayswithyoutube,30
hairstyles,30
skincareshorts,29
nails,29
selfcare,29
tomfordbeauty,28
unboxing,28
doctor,28
makeupartist,27
skincareproducts,27
yslbeauty,27
outfitideas,27
viralmakeup,27
rarebeauty,27
makeuptransformation,27
projectpan,26
blackgirlmakeup,26
makeupproducts,26
romand,25
beautyreview,25
darkcircles,25
spf,24
affordablemakeup,24
kikomilano,24
farmacybeauty,24
jbeauty,24
falloutfitinspo,23
glowingskin,23
acnescars,23
trendingmakeup,23
explore,23
redlipstick,23
nailart,22
budgetbeauty,22
eyeshadowpalette,21
douyin,21
diycrafts,21
longhair,21
pov,21
makeuplooks,21
mascara,21
patmcgrath,21
juviasplace,20
swatches,20
brownskin,20
graphicliner,20
easymakeup,20
tirtir,20
fashion,19
lipliner,19
haul,19
youtubeshorts,19
makeuproutine,19
cosplay,19
maclipstick,19
lashes,19
nyxcosmetics,18
healthyskin,18
grwmmakeup,18
hudabeauty,18
chanelmakeup,18
makeuptrends,18
springfashion,17
flowerknows,17
hairtransformation,17
selfconfidence,17
beautyproducts,17
wynbeauty,17
darkskinmakeup,17
girlhood,17
dupes,17
losangeles,16
bodycare,16
retinol,16
fillers,16
lipswatches,16
skincarereview,16
beetlejuice,16
naturalmakeup,16
eyeshadowtutorial,16
hairgrowth,15
softglam,15
halloween,15
hairtok,15
dermatologist,15
sephorasale,15
glowyskin,15
asmrsounds,15
halloweenmakeuplook,15
beginnermakeup,15
modesty,15
dermangelo,15
affordableskincare,15
contour,15
lipmakeup,15
review,14
lipcare,14
kawaii,14
yesstyle,14
dermatology,14
1,14
eyelook,14
naildesign,14
fwee,14
bestandworst,14
mixsoon,14
facial,14
oliveyoung,14
ootdfashion,14
asmrvideo,13
colortheory,13
curlyhair,13
bronzer,13
karenharrismakeup,13
ultabeauty,13
naturalhair,13
perfumes,13
acnetips,13
makeupshorts,13
chanelbeauty,13
patmcgrathlabs,13
redditstories,13
outfit,13
makeuppan,13
narscosmetics,13
blackheads,13
hairloss,13
girlpower,13
dasique,13
halloween2024,13
highlighter,13
cliniquepartner,12
humor,12
bobbibrown,12
koreanbeauty,12
hourglasscosmetics,12
goth,12
sheglam,12
acneproneskin,12
girlygirl,12
makeupdupes,11
firstaidbeauty,11
elf,11
lawlessbeauty,11
cutemakeup,11
wrinkles,11
dior,11
yslmakemeblush,11
travel,11
ad,11
glowupjourney,11
browngirlapproved,11
japan,11
macnudes,11
glowrecipe,11
medicube,11
makeupbrushes,11
murad,11
makeupforever,10
restock,10
sponsored,10
curls,10
new,10
hourglassglossybalm,10
panner,10
glowup,10
lips,10
charlottetilbury,10
beforeandafter,10
glossylips,10
lawless,10
yesstyleinfluencers,10
mua,10
everydaymakeup,10
aging,10
falloutfits,10
dryskin,10
pimple,10
funny,10
hairhacks,9
4chair,9
summermakeup,9
brownskinmakeup,9
chanelholiday2024,9
love,9
patrickta,9
darkspots,9
browngirlfriendly,9
chanel,9
lifehacks,9
pressonnails,9
maybelline,9
settingspray,9
morningroutine,9
toxicfamily,9
olehenriksen,9
newyork,9
30daysofautumnoutfits,9
skintok,9
skintips,9
fillerinjection,9
makeupbymario,8
makeupreviews,8
macglowplay,8
meritbeauty,8
colourpop,8
beautyofjoseon,8
moisturizer,8
lipstickswatches,8
shampoo,8
hauslabs,8
theordinary,8
christmas,8
vlog,8
oilyskin,8
facemask,8
halloweenmakeup,8
glowy,8
indiemakeup,8
vitaminc,8
tutorial,8
fallfashion,8
fashionstyle,8
blowout,8
sheetmask,8
AD,8
womanofgod,8
shaving,8
bobbibrowncosmetics,8
danessamyricksbeauty,8
short,8
lipsticks,8
cushion,8
makeupaddict,8
indianskin,8
podcast,8
shopping,7
sephorahaul,7
Skincare,7
ledmask,7
pink,7
transitionideas,7
glitter,7
ytshorts,7
koreansunscreen,7
hyperpigmentation,7
5minutecrafts,7
sundayreset,7
sfx,7
desi,7
satisfying,7
prettylittlething,7
glittermakeup,7
amazonfinds,7
fallmakeup,7
aita,7
ulta,7
coloranalysis,7
dollarstore,7
skintint,7
gisou,7
koreanfood,7
brows,7
maccosmeticslipstick,7
eyelashes,7
sanrio,7
sensitiveskin,7
diorlipstick,7
cleanbeauty,6
summerfashion,6
nail,6
axisy,6
hairremoval,6
rembeauty,6
churchoutfit,6
cottagecore,6
kayali,6
glammakeup,6
muradskincare,6
settingpowder,6
oliveyoungglobal,6
tokyo,6
mom,6
nomakeupmakeup,6
preppyyyy,6
nailtutorial,6
luxury,6
chinesemakeup,6
seoul,6
selfimprovement,6
cleansingoil,6
valentinesday,6
pinkmakeup,6
perriconemd,6
nofilter,6
birthday,6
tallfashion,6
rarebeautyblush,6
toofaced,6
crochet,6
lancomebeauty,6
collagenmask,6
dollarama,6
ParisOlympics,6
makeupforbeginners,6
getreadywithme,6
jumiso,6
dollarstorefinds,6
relaxing,6
springoutfitideas,6
guerlain,6
blackfriday,6
summer,6
otaku,6
lipcombotutorial,6
nyc,6
filler,6
gurwm,6
lhcosmetics,6
dollarstoremusthaves,6
milkmakeup,6
skinbarrier,6
acneprone,6
creativemakeup,6
kpopmakeup,5
dress,5
anua,5
colorcorrection,5
glittereyeshadow,5
skincaredevice,5
smokeyeye,5
heatlesscurls,5
clio,5
skincareanarchy,5
pr,5
josiemaran,5
packingorders,5
pdrn,5
makeupasmr,5
shoppingvlog,5
serum,5
rhodeskin,5
botox,5
glow,5
nailvlog,5
unleashia,5
tartecosmetics,5
costcofinds,5
wicked,5
natashadenonapalette,5
diorlipliner,5
braids,5
20under20,5
smallbussiness,5
diorforever,5
aespa,5
hacks,5
dolcegabbana,5
confidenceboost,5
amuse,5
powder,5
science,5
japanesebeauty,5
parents,5
packwithme,5
chantecaille,5
aitareddit,5
lilybyred,5
basemakeup,5
lashextensions,5
ASMR,5
glowymakeup,5
valentino,5
sephoravibsale,5
abercrombiepartner,5
blackgirlmagic,5
sunscreenreview,5
petitewoman,5
skincare101,5
girlmath,5
vlogging,5
led,5
icefacial,5
cleanskincare,5
farmacy,5
grwmoutfit,5
ice,5
doublecleanse,5
latinamakeup,5
eyelinertutorial,5
favorites,5
twice,5
outfitinspo,5
lipo,5
fentyskin,5
eyebrows,5
fashiontrends,5
heatlesshairstyle,5
microcurrent,5
travelvlog,5
momlife,5
hygiene,5
acneskin,5
summerdresses,5
hack,5
beautycare,5
eyebrowtutorial,5
urbandecay,4
makeupilove,4
clinique,4
browngirlproblems,4
Shorts,4
eyemakeuptutorial,4
icebath,4
arencia,4
cleanser,4
lymphaticdrainage,4
tfit,4
haircolor,4
dollaramafinds,4
fullfacemakeup,4
cinnamoroll,4
cerave,4
mixsoonbeanessence,4
nailvideos,4
healthylifestyle,4
natashadenona,4
pimplepatch,4
hairroutine,4
indianskintone,4
waxing,4
realskin,4
diormakeup,4
deinfluencing,4
nordstromanniversarysale,4
estheticiantips,4
diycraft,4
schoollife,4
lipfiller,4
estheticianlife,4
filters,4
redlighttherapy,4
acnescarstreatment,4
kbeautymakeup,4
concealertips,4
browlamination,4
petitefashion,4
costcobuys,4
costco,4
simplemakeup,4
homedecor,4
redlip,4
holidaymakeup,4
Sephora,4
tower28beauty,4
nars,4
asianmakeup,4
drugstorebeauty,4
xiaohongshu,4
everydayoutfit,4
contouring,4
shopwithme,4
skincarehack,4
casualoutfit,4
douyinmakeup,4
haircaretips,4
fakeskincare,4
transitionlook,4
koreanliptint,4
bestof,4
armanibeauty,4
ricemask,4
blemishfreeskin,4
natashadenonablush,4
skincareforyou,4
pimples,4
weartest,4
abercrombie,4
diyprojects,4
smallbusines,4
datenightoutfits,4
summeroutfits,4
solawave,4
shortsyoutube,4
browroutine,4
sephorafavorites,4
rimmellondon,4
tonerpad,4
blemishprone,4
lipsbeauty,4
concealerhacks,4
canmake,4
dalba,4
valentines,4
hormonalacne,4
lipglosslover,4
hermes,4
girls,4
heatlesshairstyles,4
sisley,4
productsilove,4
toxicrelationships,4
motd,4
nightskincare,4
westmanatelier,4
cosrx,4
greeneyeshadow,4
aesthetic,4
biossance,4
peripera,4
shein,4
tangirlfriendlymakeup,4
porecare,4
outfitcheck,4
viralskincare,4
hazbinhotel,4
lauramercier,4
couple,4
YouTubeCreatorCommunity,4
spa,4
mac,4
newjeans,4
christiancreatives,4
makeupideas,4
aou,4
japaneseskincare,4
dralthea,4
home,3
casualoutfits,3
laserhairremoval,3
fypage,3
skinbarrierrepair,3
beutyhack,3
olens,3
useitup,3
pridemakeup,3
nailpolish,3
beautysecrets,3
tower28,3
boj,3
ricetoner,3
cos,3
nofoundationmakeuplook,3
makeupbase,3
datenight,3
lipkit,3
drugstoreskincare,3
undereyecircles,3
christmasmakeup,3
primarkmarch2024,3
school,3
reel,3
makeupbag,3
giorgioarmani,3
satisfyingvideo,3
festivalmakeup,3
mindset,3
baddiemakeup,3
mineralsunscreen,3
eyes,3
makeupspatula,3
rabannemakeup,3
rainbowmakeup,3
guasha,3
easyhalloweenmakeup,3
asmrskincare,3
nepali,3
valentinesmakeup,3
transitions,3
beginners,3
odenseye,3
oddlysatisfying,3
skincareadvice,3
bathandbodyworks,3
blushes,3
clarins,3
shoptherealdeal,3
ootdidea,3
hemeko,3
autumnfashion,3
beautyblogger,3
suncreenreview,3
celine,3
skinfix,3
eyelinerhack,3
nowhitecast,3
milanicosmetics,3
eyecream,3
UrbanDecay,3
coverfx,3
abh,3
nailinspo,3
hellokitty,3
targetfinds,3
resortwear,3
dresses,3
summerskincare,3
onesizebeauty,3
summerstyle,3
pilates,3
japanesemakeup,3
indian,3
facemapping,3
tranformation,3
hairhack,3
hairinspiration,3
hairtips,3
braidstyles,3
wingliner,3
clearskin,3
redditstorytime,3
wonyoung,3
beautychallenge,3
acneproneskincareroutine,3
30daysofoutfits,3
2,3
clownmakeup,3
mothersday,3
homerenovation,3
amazonfashion,3
acneskincare,3
yslmakeup,3
4chairstyles,3
microneedling,3
tryon,3
igarimakeup,3
gifted,3
liquidblush,3
dolcegabanna,3
melasma,3
caudalie,3
bollywood,3
skincaremistakes,3
influencer,3
lifehack,3
natashadenonaroxapalette,3
vacation,3
nycvlog,3
kbeautyessentials,3
fall,3
rabanne,3
hourglassambientlighting,3
redlight,3
florida,3
maccoolteddy,3
gelnails,3
selfcaresunday,3
vitamincserum,3
oliveyoungaffiliate,3
petite,3
feedinbraids,3
CVSPartner,3
skincarehacks,3
etude,3
cutehairstyle,3
milk,3
ultahaul,3
viralahorts,3
washday,3
natashadenonamakeup,3
aouglowytintbalm,3
dewymakeup,3
ipl,3
dewy,3
leehyori,3
hydration,3
drylips,3
hairmask,3
browngirlbeauty,3
weightloss,3
stree2,3
aloevera,3
travelskincare,3
mascarareview,3
viralreels,3
trends,3
esteelauder,3
inspiration,3
luxuryskincare,3
makeupfail,3
isntree,3
cleansing,3
liptints,3
selflovepractices,3
minimalist,3
valentinobeauty,3
coquette,3
youthforia,3
yslloveshine,3
fentyhair,3
snailmucin,3
sephoracollection,3
facepaint,3
sheinhaul,3
louisvuitton,3
beginnerfriendly,3
contentcreation,3
wetnwildbeauty,3
cleansingbalm,3
heatlesscurl,3
mymelody,3
colorcorrector,3
lipoils,3
diorlipmaximizer,3
CliniquePartner,3
nudelipstick,3
date,3
charliemorningstar,3
cliniqueblackhoney,3
koreannails,3
kosas,3
antiagingskincare,3
luxurybeauty,3
southkorea,3
lifestyle,3
naturalbeauty,3
koreantoner,3
GRWM,3
makeupmusthaves,3
youtube,3
storytime,3
brownskinbeauty,3
lightmakeup,2
beautyreviews,2
lipserum,2
daiso,2
cleanwithme,2
scalptreatment,2
naturalhairgoals,2
nosecontouring,2
dryskinroutine,2
fentyfoundation,2
massage,2
cooltone,2
plane,2
concealertutorial,2
makeuptipsandtricks,2
makeupremoval,2
reedleshot,2
shortvideo,2
colorseasons,2
sooryehanpartner,2
ritualpartner,2
fauxfiller,2
contourhack,2
doublecleansing,2
manifestation,2
estheticianstudent,2
oliveskin,2
japanfood,2
glamlite,2
conveniencestore,2
lipstickcolortheory,2
beetlejuicemakeup,2
udfacebond,2
Ad,2
ForAFortnightChallenge,2
claymask,2
family,2
makeupstorytime,2
SkincareAnarchy,2
paris,2
glasshair,2
pigmentedlips,2
wintermakeup,2
wickedmakeup,2
lushcosmetics,2
brownskinfriendly,2
baking,2
brush,2
milkmakeuppartner,2
givenchy,2
nosecontour,2
workoutmotivation,2
matchingsets,2
amigurumi,2
2024,2
freestylebraids,2
eyebrowtips,2
creative30,2
fashionblogger,2
lancome,2
japanese,2
gettingready,2
yesstylehaul,2
millefee,2
haileybeiber,2
babyfacial,2
morningskincare,2
aegyosal,2
3,2
primer,2
benetint,2
cheektint,2
brushes,2
salmondna,2
awardwinning,2
fullface,2
dupe,2
truestory,2
bridgerton,2
minibrands,2
CoachellaOnYoutube,2
covergirl,2
chemicalpeel,2
tiktok,2
eyebrow,2
body,2
skincarefavorites,2
nacific,2
lipcombos,2
hince,2
maybellinevinylink,2
swatch,2
aespaalbum,2
shoujo,2
beautyph,2
holidaysets,2
kpopmerch,2
winterskincare,2
mediumskin,2
tatcha,2
fragrancereview,2
cybermonday,2
lesserafim,2
skincareingredients,2
versed,2
flortte,2
fentygloss,2
hairtransition,2
prunboxing,2
elemis,2
cleansingroutine,2
concealerhack,2
kayaliperfume,2
browniepie,2
kuromi,2
glitterlips,2
vampire,2
makeuphaul,2
dandruff,2
kbeautyreview,2
soap,2
prada,2
health,2
amazon,2
easyderm,2
universityofphoenix,2
amazonbeauty,2
7eleventhailand,2
hijabstyle,2
hijabfashion,2
thailandmakeup,2
thaimakeup,2
blindbox,2
popmart,2
hijabtutorial,2
dinto,2
pacifica,2
wonyoungism,2
REVOLVEPARTNER,2
blackhead,2
makeupdupe,2
koreatravel,2
catshorts,2
versedskincare,2
diwali,2
pradabeauty,2
kpopidolmakeup,2
floral,2
eggmask,2
judydoll,2
blushhack,2
beautyfavorites,2
figureskating,2
iceskating,2
nostalgia,2
blushswatches,2
blushtechnique,2
gothic,2
shower,2
healthy,2
coxirpartner,2
coxir,2
frizzyhair,2
invideopartner,2
ysl,2
denim,2
browtutorial,2
laneige_partner,2
HayDayHoliday,2
HayDay,2
lipmask,2
colorcorrecting,2
matcha,2
matchalove,2
kdrama,2
matchalatte,2
cowboycarter,2
prhaul,2
sensitiveskincare,2
coffee,2
primarkritaora,2
sheetmasks,2
dailyreminder,2
newmakeup2024,2
rosé_bruno_apt,2
hairoil,2
perfectjeans,2
justagirl,2
primark,2
economyflight,2
getunreadywithme,2
heimish,2
abercrombiejeans,2
scalpcare,2
buntutorial,2
diorbackstage,2
maryandmay,2
athomemanicure,2
diynails,2
clothing,2
over50,2
vaseline,2
beautybuzz,2
selfcarepractices,2
tvmua,2
orebella,2
diyskincare,2
naturalskincare,2
hawaii,2
asokatrend,2
bridal,2
recipe,2
subscribetomychannel,2
colorism,2
Dior,2
90smakeup,2
showerroutine,2
summervibes,2
springdress,2
polene,2
weddingguestdresses,2
affordabledupes,2
beautytreatments,2
walmart,2
productsirecommend,2
makeupmistakes,2
favoriteproducts,2
easyeyelook,2
maclipcombo,2
beautytrends,2
kikomilanolipgloss,2
drugstore,2
makeupmemes,2
maclustreglass,2
eyeshadowlooks,2
dupealert,2
invisiblesunscreen,2
pregnancy,2
aboutface,2
cosmeticchemist,2
harleyquinn,2
productrecommendations,2
wetnwildcosmetics,2
hydratingserum,2
fallfashiontrends,2
weddingguestoutfit,2
purito,2
beautyhaul,2
macchestnut,2
jellyblush,2
wyconcosmetics,2
mediheal,2
japanbeauty,2
beautydevice,2
elfmakeup,2
skincareopinions,2
sweedbeauty,2
beautyshopping,2
theplantbase,2
centellaasiatica,2
macpowderkiss,2
diygelnails,2
glassskinroutine,2
esumcosmetics,2
visearteyeshadow,2
naturalmakeuplook,2
peachandlily,2
pores,2
manicure,2
sigmabeauty,2
beyonce,2
JomashopPartner,2
treehut,2
theordinaryskincare,2
cancer,2
ledtherapy,2
ulikehairremoval,2
winterfashion,2
bkbeautypartner,2
haileybieber,2
mariobadescu,2
notsponsored,2
japanskincare,2
nickiminaj,2
prp,2
kajal,2
affordable,2
clarinslipoil,2
mac40bringback,2
dermalogica,2
music,2
narsexplicitlipstick,2
bodysculpting,2
norway,2
plasticsurgery,2
fitness,2
revlon,2
saree,2
skintipsforyou,2
naturalhairstyle,2
credobeauty,2
crueltyfree,2
india,2
vegan,2
manifesting,2
rms,2
hairfall,2
hairbun,2
nomakeup,2
acnepositivity,2
gymgirl,2
bangs,2
abhcosmetics,2
summerhair,2
hairlove,2
worstproducts,2
summerhairstyle,2
skinfood,2
mermaidhair,2
dance,2
heatless,2
begginermakeup,2
retailtherapy,2
softmakeuplook,2
selfcareroutine,2
skincareasmr,2
wingedeyeliner,2
sephorasale2024,2
cetaphil,2
zoskinhealth,2
browlaminationtutorial,2
hermesbeauty,2
indiemakeupbrands,2
affordablemascara,2
injection,2
nepal,2
tarte,2
quickmakeup,2
realtalk,2
purchaseorpass,2
greenscreenvideo,2
wavyhair,2
pmskincare,2
mentalhealth,2
billieeilish,2
makeupfaves,2
bronzeallova,2
brownmakeup,2
concealerlips,2
nudelip,2
houseofhur,2
preloved,2
sheinfinds,2
rhodebeauty,2
lipilicious,2
smashbox,2
kvdbeauty,2
moles,2
nomakeuplook,2
coverfxdrops,2
pannningcommunity,2
texturetuesday,2
vacationoutfit,2
vacationstyle,2
cateyenails,2
virginvoyages,2
goyard,2
SPF,2
k18,2
inflight,2
beautydeals,2
fivebelow,2
multichrome,2
contentcreator,2
sabrinacarpenter,2
lipstichack,2
loccitanepartner,2
drugstorefoundation,2
nyfw2024,2
lipplumper,2
transformation,2
style,2
YesStyleInfluencers,2
target,2
photoshoot,2
dollartree,2
IpsyPartner,2
monopolygo,2
adventcalendar,2
pensa,2
jesuslovesyou,2
japan7eleven,2
minivlog,2
personalcolor,2
song,2
customfoundation,2
sheinforall,2
squidgame,2
wedding,2
headspa,2
2000smakeup,2
japantravel,2
fashionshorts,2
lip,2
faceprimer,2
collection,2
donquijote,2
fashionhaul,2
darkcirclesundereyes,2
smallyoutuber,2
glowing,2
currentbody,2
trend,2
nuface,2
buxom,2
essence,2
tjmaxx,2
amazonprimeday,2
pretty,2
makeupbeginner,2
milkytoner,2
roundlab,2
winteroutfits,2
pinterestoutfits,2
makeuptranformation,2
cutcrease,2
NaturalGlow,2
DesiSkincare,2
poresskinmakeup,2
milani,2
UrbanDecayPartner,2
vlogmas2024,2
makeuptutorials,2
nyx,2
2025,2
costcocanada,2
pinklips,2
wigs,2
abercrombiehaul,2
glam,2
viralproducts,2
elfproducts,2
cutest,2
japanesenailart,2
aajkiraat,2
shiseido,2
holyhyssopserum,2
skincareempties,2
UDFacebond,2
seoulkorea,2
eyeshadowideas,2
hairjourney,2
shoppersbeauty,2
diorlipglow,2
latina,2
haircareroutine,2
skii,2
SpringOnShorts,2
brighteningskincare,2
makeuptricks,2
acnefree,2
darkskinlipcombo,1
naturalskin,1
navratrimakeup,1
exactly,1
remix,1
panelist,1
islandgirl,1
rude,1
taperedeyelids,1
mileycyrus,1
purpose,1
gymshorts,1
genderreveal,1
netflix,1
rajkumarrao,1
triptidimri,1
estheticiantiktok,1
drunkelephantskincare,1
jesus,1
tret,1
bollywooddialogues,1
tretinoinjourney,1
godisgood,1
faith,1
tereliye,1
mashup,1
retinoltips,1
phonk,1
epicanthicfolds,1
acneproblems,1
newsong,1
shorthairstyles,1
christianity,1
trendingsong,1
budgetfriendlyskincare,1
pregnant,1
guestspeaker,1
quickandeasymakeuplook,1
dandiyanight,1
luvmehair,1
attractive,1
theglammyvibe,1
tallgirlfriendly,1
coolmakeup,1
maxidress,1
bf,1
bodycaretips,1
colourfulmakeup,1
fentyholiday,1
aboutfacebeauty,1
aayinai,1
creative,1
nyfw,1
skincarelover,1
relateable,1
streemovie,1
skincareaddict,1
outfitinspiration,1
haankehaan,1
maharaj,1
bowhairstyle,1
vacay,1
naturalglam,1
dailyaffirmations,1
gymlife,1
navratri2024,1
laboranddelivery,1
makeupvideos,1
browlift,1
allblack,1
inspirational,1
KISSPartner,1
shraddhakapoor,1
glamour,1
frontalinstall,1
KISSsalonXtend,1
2pieces,1
toners,1
laila,1
skinbetterscience,1
lailamajnu,1
memes,1
colourful,1
summerfridays,1
trivimagupta,1
perfumetok,1
professionalskincare,1
13,1
curlyhairroutine,1
omnilux,1
koreanspf,1
papermakeup,1
loreallipstick,1
birthdaysuit,1
clinquepartner,1
organization,1
beetlejuicelips,1
armanibeautypartner,1
summerglow,1
blushstick,1
badgalbang,1
SuitUp,1
bratmakeup,1
unboxingvideo,1
gettoknowme,1
sultrymakeup,1
formalwear,1
elphaba,1
browtint,1
DoechiiAlterEgo,1
ConEsePeach,1
lipglossswatches,1
bratsummer,1
glinda,1
gluelesswig,1
citybeauty,1
styleinspo,1
HealthierHappensTogether,1
trulybeauty,1
fragrances,1
TealPumpkinProject,1
tealpumpkinproject,1
wiglovers,1
cvshalloween,1
impeccablefoundation,1
littleblackdress,1
wocmakeup,1
2025bride,1
newnails,1
LancomePartner,1
tiktokmusic,1
2020rewind,1
elfpartner,1
ITCosmeticsPartner,1
SkinCareFail,1
valentinesday2025,1
revlonpartner,1
benzoylperoxide,1
christianvlogger,1
asokamakeuptrend,1
blueeyeshadow,1
asokamakeup,1
fentybeautyfoundation,1
beetlejuicelip,1
NYXCosmeticsPartner,1
washroutine,1
blackdress,1
minimalmakeup,1
newanastasiaveverlyhills,1
styleblogger,1
dressoftheday,1
styleinspiration,1
dressup,1
unrecognizable,1
skincareroutines,1
iceroller,1
selftanner,1
redlightmask,1
wigoverlocs,1
vitaminb12,1
rhodelipliners,1
browshaping,1
undertones,1
glasslips,1
fauxfreckles,1
aapimonth,1
gentlecleanser,1
skincarescams,1
micellarwater,1
2025goals,1
contentcreators,1
amskincareroutine,1
matchingset,1
blowouthair,1
teenskincare,1
glamglow,1
peptideliptreatment,1
post,1
neutrogena,1
proactive,1
manyofactory,1
senteskincare,1
content,1
lipoptions,1
bioderma,1
dermotologist,1
summerstaycation,1
amskincare,1
cleanserskincare,1
testimony,1
newcar,1
pop,1
lyrics,1
contourtutorial,1
bdaygirl,1
blending,1
skinfluencer,1
skin1004,1
dieuxskin,1
rosacea,1
tiktokisback,1
sunday,1
contentinspiration,1
vitalpartner,1
plthaul,1
keepgoing,1
MatrixPartner,1
coachella2024,1
duochrome,1
christmasgiftideas,1
giveaway,1
antiagingsolutions,1
cleangirl,1
hygene,1
educatedmess,1
liftingfacial,1
browlaminationtraining,1
glowuptips,1
coachella,1
fathersday,1
dermaplaning,1
selfcaretips,1
petitecurvyfashion,1
tintedmoisturizer,1
browlam,1
tiktokshop,1
girlstrip,1
released2024,1
nevergiveup,1
confidence,1
acneskincareroutine,1
cabintrip,1
motivation,1
forafortnightchallenge,1
justgirlythings,1
pensaconference,1
selftech,1
acneproneskincare,1
cleangirlmakeup,1
rosaceaskincare,1
longnaturalnails,1
greenscreen,1
naturalnails,1
licensedesthetician,1
pottery,1
lipsmakeup,1
sweatproofmakeup,1
lancomeparis,1
topfoundations,1
lipsleepingmask,1
favoritemakeup,1
oldiesbutgoodies,1
shoppingspree,1
skincareilove,1
skincarebrands,1
rankingthings,1
ratingthings,1
fivebelowhaul,1
fivebelowfinds,1
caramellipcombo,1
lookoftheday,1
macvelvettedy,1
nudelips,1
skincarerecommendations,1
makeupglam,1
patmcgrathnudevenus,1
lorealcosmetics,1
holidayglam,1
chanelcollection,1
diorbeautylovers,1
sisleyphytolipbalm,1
hudabeautyeyeshadow,1
hudabeautyicynude,1
liquideyeshadows,1
viseart,1
maclustreglassformula,1
maclip,1
kiehlscampaign,1
milanimakeup,1
buythisnotthat,1
topcosmetics,1
chitown,1
browngirlfriendlymakeup,1
availablenow,1
blackownedbusiness,1
adeptcosmetics,1
limitededition,1
monochromatic,1
purplemakeup,1
disneythelittlemermaid,1
macmacximal,1
macximalsatin,1
hourglass,1
lunarbeauty,1
mannymua,1
tangirlfriendlymakeupreviews,1
liquideyeshadow,1
leastfavorite,1
newmakeuprelease,1
Rarebeautysoftpinchliquidcontour,1
eyeshadowpalettecollection,1
blendbunnycosmetics,1
giftset,1
saiebeauty,1
megablender,1
makeupsponge,1
colorpopcosmetics,1
makeupproduct,1
unearthlycosmetics,1
elflipbalm,1
elfsqueezeme,1
drugstoremascaras,1
genx,1
over40,1
newbeautytreatments,1
bestbests,1
cushionblush,1
viralconcealers,1
elffoundation,1
bronze,1
bronzingdrops,1
makeuplaunches,1
makeupidontlike,1
ratingmakeup,1
makeup101,1
blushlife,1
beautydollarstore,1
shopmissamakeup,1
shopmissa,1
worst,1
highlighters,1
beautyrecall,1
worstmakeup,1
hairoiling,1
area15,1
vlogmas,1
santasam,1
testingnewmakeup,1
eyeshadowpalettes,1
Glowup,1
sunscreeb,1
facialhair,1
yapper,1
unexplainedphenomena,1
skinterview,1
demure,1
blushing,1
viralblush,1
catricecosmetics,1
makeupdrugstore,1
springtrends,1
springnailcolors,1
mensfragrance,1
newbeautyproducts2024,1
wellness,1
hairtrends,1
metgala,1
summerolympics2024,1
celebritybeautybrands,1
trendinghair,1
adventcaledars2024,1
mediumcontrastmakeup,1
beautytrend2025,1
kbeauty2025,1
diorspringmakeup,1
dioreyeshadow,1
patmcgrathreal,1
yslminiclutch,1
vaselinepartner,1
top3,1
macproducts,1
elfbeauty,1
steampod3,1
yslmakemeblushpowder,1
blushlover,1
depot,1
walmartfinds,1
alternarives,1
productsyouneed,1
concealerreview,1
glassshinebalm,1
dalbasprayserum,1
anessa,1
sanriogirl,1
japanesehaircare,1
andhoney,1
asianbeauty,1
데이지크,1
singalong,1
lifetips,1
blueelephant,1
gentlemonster,1
entropymakeup,1
japanesenails,1
skinanalysis,1
custommakeup,1
matcharoutine,1
honestproductreview,1
arianagrande,1
kbeautyhaul,1
koreanlipgloss,1
heartnails,1
nailartcommunity,1
valentinesnail,1
damagedskin,1
skinrepair,1
skincareessentials,1
Celimax,1
KBeauty,1
vtcollagenreedleshot,1
macximallipstick,1
macforeverteddy,1
hermesoran,1
kpopalbum,1
30plus,1
lancomelipstick,1
candle,1
jolen,1
eyebrowhack,1
justintimberlake,1
winniethepooh,1
toodlesgalore,1
lostintranslation,1
TacoBellPartner,1
besties,1
sunstick,1
kbeautytips,1
longhairstyle,1
Koreanskincare,1
nightime,1
scentedcandles,1
sorrymom,1
makeupswatches,1
yyc,1
shortsviral,1
eyemakeu,1
manhwa,1
mascarahack,1
elfeyebrowpencil,1
elfeyeliner,1
gisoulipoil,1
cliniquelipbalm,1
essencelipoil,1
fentyglossbomb,1
glossbomb,1
sheglamlipstick,1
merrychristmas,1
hermesunboxing,1
samsquad,1
samgie,1
lancôme,1
coach,1
parisstyle,1
rephr,1
tomford,1
SEPHORA,1
nsaleonyoutube,1
GetCozyWithDove,1
DovePartner,1
anastasia,1
lofotenislands,1
macbringbacklipstick,1
peterthomasroth,1
macbringback,1
eyeshadowswatch,1
perfumedupes,1
soldejaneiro,1
bodyscrub,1
balms,1
lippylips,1
liquidlipcolor,1
dollaramamusthaves,1
letstalkmakeup,1
glowplayblushes,1
nervoussystem,1
winnersfinds,1
winners,1
macbringbackhaku,1
abhliplinerraisin,1
gucci,1
iliabeauty,1
coachbag,1
coachempire,1
handbags,1
quietluxury,1
blackownedmakeup,1
shoppersdrugtmart,1
ysllipstick,1
walmartcanada,1
primarkhaul,1
outfitoftheday,1
zaradupes,1
productreview,1
SephoraSquad,1
lageige_partner,1
CrestPartner,1
diorlippencil,1
disneyandcolourpop,1
colourpopme,1
joocyee,1
esum,1
soniagbrushes,1
soniag,1
frame,1
violette_fr,1
guerlainxpucci,1
fendi,1
dioraddict,1
Frame,1
goelia,1
lvdream,1
Chanel,1
luxebags,1
fashionphile,1
truffleglow,1
filterchallenge,1
springoutfit,1
noRules,1
plumpingeffect,1
kbeautyfinds,1
hydratingmask,1
glowymakeupbase,1
hotpinkblush,1
hibiscushaze,1
glassypitaya,1
hauslabsblushduo,1
tower28concealer,1
lippy,1
satinlipsticks,1
bodyheat,1
randezvous,1
ontop,1
Excess,1
reaction,1
oilyskinfoundation,1
brownlipstick,1
narsexcess,1
narsbodyheat,1
narsnorules,1
narsontop,1
Narsexplicitlipsticks,1
maybellineskintint,1
katvondbeauty,1
rimmellipliner,1
teddybare,1
milanilipstick,1
coppacookie,1
tower28blushes,1
vintage,1
lgbtq,1
glasses,1
ai,1
weddingseason,1
hobbies,1
HealthySkinwithCVS,1
tatpinkpalooza,1
teaaroundtownDC,1
TATDCinfluencer,1
perm,1
medicine,1
y2k,1
nofiltermakeup,1
jeansoutfit,1
formula1,1
f1,1
morningshed,1
stem,1
hygihygi,1
bellahadid,1
soapcutting,1
newmakeupmonday,1
happybirthday,1
birthdaydress,1
beautytutorial,1
naturalmakeuptutorial,1
blushtutorial,1
lipglossobsessed,1
fixingspray,1
browneyemakeup,1
eyeshadowtoturial,1
mominfluencer,1
dayinthelife,1
officehours,1
beachplease,1
mediumskintone,1
patricktamakeup,1
urban,1
serenawilliams,1
boxbraidshairstyles,1
boxbraids,1
blowdryshorthair,1
blowdryhair,1
gotomakeup,1
naturalhairstyleideas,1
knotlessbraids,1
naturalhairjourney,1
makeuprecreation,1
fashiontips,1
selfie,1
nailstyle,1
afro,1
hauslabsfoundation,1
FallBeauty,1
gymmotivation,1
winxclub,1
lipbutter,1
selfdriving,1
sanfrancisco,1
acnejourney,1
skinpositivity,1
undertone,1
makeupeducation,1
powderpuff,1
makeupsponges,1
makeuphumor,1
nastygirl,1
tanning,1
axethrowing,1
grwmstorytime,1
cartoons,1
anastasiabaverlyhills,1
rimmellondonlipliner,1
elfblushes,1
jelly,1
lorealparisinfalliblefreshwear,1
lorealparis,1
glittersettingspray,1
ube,1
facecupping,1
coffeemask,1
redliptheory,1
honeyfacial,1
honeycomb,1
larocheposay,1
natural,1
facialcupping,1
honeyfacemask,1
flaxseed,1
takethedayoff,1
freshface,1
24kgoldmask,1
OlayPartner,1
budgetfriendly,1
longskirts,1
gelxnails,1
saturdayvibes,1
newhaircolour,1
genz,1
lifeupdate,1
marleytwistsoverlocs,1
braidout,1
milkjelly,1
dollartreehaul,1
makeuprecommendation,1
blacklipstick,1
undereyedarkcircles,1
aritzia,1
zarahaul,1
zara,1
howto,1
diylashextensions,1
pressedpowder,1
datenightmakeup,1
cvspartner,1
fashionschool,1
celebritymakeup,1
primervideo,1
dollartreefinds,1
messyhair,1
falselashes,1
foundationtips,1
holidayoutfits,1
datenightoutfit,1
eyeshadowhack,1
russianmanicure,1
bodycareproducts,1
travelbag,1
yellow,1
baseroutine,1
bob,1
flatiron,1
maskmonday,1
honey,1
softglammakeuplook,1
messyhairstyle,1
naturallashes,1
pimplepop,1
beautyfilter,1
rhode,1
creepystories,1
bodyoil,1
newbeautyproducts,1
rickandmorty,1
machine,1
fullbeat,1
riddles,1
holiday,1
valentinesnails,1
ghostface,1
halloweeen,1
cortisol,1
Acne,1
powderfoundation,1
daxxify,1
looksmaxxing,1
blushblindness,1
cosmeticdermatology,1
cosmeticsurgery,1
sale,1
toddler,1
nighttimeroutine,1
glittergloss,1
beautyhack,1
oilyskinmakeup,1
cleaning,1
organizing,1
makeupforoilyskin,1
makeuotutorial,1
jellytint,1
creamy,1
hairstyling,1
newbuild,1
newhome,1
chihuahua,1
harrypotter,1
sheinhome,1
sharkbeauty,1
latte,1
gingerbread,1
flawlessbase,1
cccream,1
nailtransformation,1
nailtransition,1
aestheticmakeup,1
cutemakeuplook,1
randomlipcombo,1
belif,1
makebymario,1
5,1
4,1
ghana,1
stevemadden,1
god,1
womenofgod,1
makeuptryon,1
blusher,1
winter,1
texturedskin,1
4c,1
UBCollective,1
UltaBeautyPartner,1
robotvacuum,1
roborock,1
lipsticklover,1
lipstickcombo,1
mvp,1
aloeveragel,1
setting,1
birthdaynails,1
pumpkinmakeup,1
faceliftmakeup,1
meangirls,1
tastebeauty,1
frightnights,1
thorpeparkresort,1
makeupfilter,1
victoriasecret,1
redditrelationship,1
chucky,1
priyankachopra,1
maxfactor,1
devilmakeup,1
spidermakeup,1
ricecleanser,1
asmrbeauty,1
lush,1
orlando,1
usa,1
makeupstorytimetiktok,1
beautymakeup,1
filter,1
lipglossbeauty,1
christmaslips,1
goldmakeup,1
bollywoodmakeup,1
acneskintreatment,1
eyeshadows,1
imfrom,1
bestlipoil,1
nyxlipoil,1
kajabeauty,1
makeuptrick,1
simple,1
kosevisee,1
ricecream,1
afghani,1
koreanbeautyproduct,1
stylevana,1
torriden,1
creamblush,1
iamfrom,1
suisai,1
facecleaning,1
peachserum,1
wrinklereduction,1
retinal,1
pinklipgloss,1
espoir,1
gemstonenail,1
diynailartdesign,1
milaniblush,1
bestsellingdior,1
diorlipbalm,1
valentinomakeup,1
tfitmakeupprimer,1
luxuriousmakeupbrand,1
travelsize,1
soothingskincare,1
stylevanafamily,1
skinbooster,1
caudaile,1
beautyproductreviews,1
skintone,1
batiste,1
no7makeup,1
no7,1
tanyaburrcosmetics,1
anastasiaaurora,1
anastasiabeverlyhills,1
lorealinfallible,1
SPF70,1
affordablebeauty,1
physiciansformula,1
samsclub,1
makeuprevolution,1
concertmakeup,1
skintones,1
tanskin,1
makeuptools,1
selenaquintanillaperez,1
affordableperfume,1
affordableperfumes,1
nonprofit,1
tjmaxxmakeupfinds,1
oilyhair,1
targetfashion,1
targetstyle,1
glastingwatergloss,1
budgetfashion,1
taylorswifttheerastour,1
taylorswifteras,1
denmanbrush,1
itcosmetics,1
farmstay,1
primedaydeals,1
primeday,1
kbeautyroutine,1
luxurymakeup,1
kbeautyfavorites,1
KoreanSkincare,1
Anua,1
viralblushmakeup,1
milkbeauty,1
blemishfree,1
cica,1
aprilskin,1
jelloskin,1
naturalglow,1
miguhara,1
underrated,1
facewash,1
hairideas,1
easycontouring,1
berry,1
texture,1
story,1
reality,1
instantglow,1
browneyes,1
cutelook,1
rodeo,1
houston,1
greeneyemakeuplook,1
care,1
nightimeroutine,1
removemakeup,1
pm,1
facecontour,1
GiftedByEsteeLauder,1
twilight,1
athleisure,1
essencemakeup,1
makeupbrushcleaning,1
dramaticeyemakeup,1
joker2,1
afpartner,1
kaleidosmakeup,1
boldlips,1
eyeshadowswatches,1
lipstickswatch,1
eyeshadowoftheday,1
lipsticktutorial,1
mochamousse,1
ColourPop,1
easymakeuptutorial,1
activewear,1
EsteeLauder,1
nighttreatment,1
dupeforluxurybeauty,1
liquideyeliner,1
wetnwildmakeup,1
laughlines,1
koreanmakep,1
travelkit,1
blemishcontrol,1
hyaluronicacid,1
diymanicure,1
PDRNPinkPeptideSerum,1
pdrnfacemask,1
teatreeoil,1
esteelauderdoublewear,1
batistehair,1
wetnwild,1
abhmariopalette,1
eyeserum,1
languages,1
trilingual,1
hairsalon,1
koreanhair,1
bdaygift,1
bday,1
packing,1
meteorites,1
strangerthings,1
hairtools,1
meritpartner,1
etsy,1
faceserum,1
banish,1
sewing,1
france,1
mushroom,1
complexion,1
airpods,1
anua_yesstyle,1
anua_YS,1
revlonmakeup,1
ramen,1
mukbang,1
individuelgeneve,1
koreanfacial,1
cooking,1
grill,1
asado,1
barbecue,1
spanish,1
viramakeup,1
mukang,1
oliveundertones,1
mqny,1
선재업고튀어,1
lovelyrunner,1
tyla,1
alternative,1
seoulpopupstore,1
parnell,1
홍대추천,1
헤메코,1
amazonskincare,1
길화장,1
boosterpromini,1
tirtircushion,1
filipinomakeup,1
labubu,1
achi,1
daisomaleup,1
daisomakeup,1
vline,1
singlesinfernosurgery,1
leesian,1
singlesinferno,1
japanesecosmetics,1
lisablackpink,1
lisamanoban,1
brainrot,1
genalpha,1
jeju,1
kpopidol,1
greyliptint,1
prank,1
7eleven,1
coverfxcustomcoverdrops,1
nyxcontourpalette,1
fenty,1
panthatpalette,1
ushas,1
aussiehair,1
beccacosmetics,1
tarteparkaveprincess,1
essenceallaboutmatt,1
allaboutmatt,1
essencecosmetics,1
heimishcosmetic,1
YesStyleReview,1
YesStyle,1
kvdbrow,1
essencemakemebrow,1
rimmelconcealer,1
hm,1
rimmelcosmetics,1
rimmel,1
panporn,1
coverfxenhancerdrops,1
highlight,1
kvd,1
barrymcosmetics,1
barrym,1
smashboxcosmetics,1
tubelipgloss,1
zoevacosmetics,1
zoeva,1
benefit,1
coverfxhalo,1
benefitkabrow,1
hmmakeup,1
personalcoloranalysis,1
90s,1
fullypartner,1
thingstodoinparis,1
koreanspa,1
Glasses,1
PairPartner,1
hairmakeover,1
daisohaul,1
dad,1
smokyeyes,1
smokyeye,1
iceglobes,1
ipsypartner,1
planeskincare,1
90sfashion,1
ginseng,1
eyeko,1
BOJpartner,1
healthyhair,1
LOrealParisPartner,1
TCM,1
koreanscrub,1
TooFacedPartner,1
headmassage,1
asian,1
coolfinds,1
chinesebeauty,1
skinhealth,1
travelhacks,1
collectioncosmetic,1
eyekopencilshadow,1
sister,1
hairband,1
ross,1
pastalover,1
dinnerideas,1
dinnerrecipe,1
livingroom,1
momjeans,1
browndenim,1
jeans,1
sephoramakeup,1
4thofjuly,1
fourthofjuly,1
levisjeans,1
zaraoutfit,1
zarahaul2024,1
countryconcert,1
pppartner,1
pastarecipe,1
iphone,1
falloutfit,1
fallboots,1
notworthit,1
nakedsundays,1
cayskin,1
greyhair,1
typology,1
mattesunscreen,1
drmtlgy,1
nakedsundaysunscreen,1
skinaqua,1
tintedsunscreen,1
drmtgy,1
isdin,1
amazondresses,1
g7x,1
horseriding,1
downunder,1
liplines,1
womeninmalefields,1
ShortGirlProblems,1
leukemia,1
kaolinclay,1
charcoal,1
acnescartreatment,1
pdothreads,1
sos,1
weightedwalking,1
rucking,1
rebounding,1
threads,1
bedroom,1
PeaceOutPartner,1
acnefoodtrigger,1
zitmergency,1
toenailfungus,1
clearskintips,1
acnefoodtriggers,1
backpainrelief,1
massagetherapy,1
anxietyrelief,1
sleepbetternaturally,1
sleepbetter,1
sunscreenforacneproneskin,1
guashafacial,1
guashamassage,1
skinlaser,1
co2laser,1
newatsephora,1
hunterjumper,1
ama,1
shoehaul,1
firstadvent,1
cozyvibes,1
vince,1
massimodutti,1
motherhood,1
cozymoments,1
howtostyle,1
vlogger,1
cutouts,1
petal,1
babycheeks,1
blazer,1
motivational,1
notalone,1
stylingideas,1
socialmedia,1
stylingtips,1
styling,1
sweed,1
makeupunboxing,1
newsunscreen,1
prequel,1
horsebackriding,1
pregnancyloss,1
grief,1
booktube,1
crescentcity,1
youtubeshopping,1
bridalmakeup,1
rachhloves,1
advent,1
reallife,1
horse,1
officechair,1
acneexpert,1
acnesafe,1
homeremodeling,1
winteroutfitinspo,1
sweater,1
diningroomdesign,1
beaminstall,1
ceilingbeam,1
nyeoutfit,1
newyearseve,1
thailandtravel,1
homedesign,1
bardecor,1
bar,1
officedecor,1
levis,1
everydayoutfits,1
thatgirl,1
celinetote,1
hermesbelt,1
outfitsinspo,1
summeroutfit,1
kérastase,1
fashiondaily,1
breakout,1
vinoperfectserum,1
momguilt,1
newhaircut,1
newhairstyle,1
shisheido,1
Botox,1
mylifeonlinewithsusanyara,1
selcare,1
fun,1
curlingwand,1
sheglamviralblush,1
please,1
loreal,1
elfconcealer,1
clothes,1
flowerhairstyle,1
cutmyhair,1
athome,1
purpleeyeshadow,1
chihiro,1
makeupkit,1
messy,1
kisslashes,1
blue,1
yesstylereview,1
embrace,1
chubby,1
roundface,1
curl,1
coverage,1
redhair,1
flight,1
sunblock,1
happy,1
makeupvideo,1
mamaearth,1
beautyskin,1
girltalk,1
chitchat,1
straight,1
curly,1
straighthair,1
kimchi,1
makeupremover,1
try,1
makeupgadgets,1
eyelash,1
eyelashcurler,1
temu,1
sleekponytail,1
hairwax,1
girl,1
makeupmess,1
foodshorts,1
yummy,1
food,1
homemade,1
beach,1
unready,1
whiteoutfit,1
couplegoals,1
ocean,1
cinematic,1
ricefacepack,1
facepack,1
pinkeyelook,1
devdas,1
nepalibridal,1
beetroot,1
onionjuiceforhair,1
pinkoutfit,1
periods,1
bedtime,1
blessings,1
viralreel,1
SkincareTips,1
exfoliation,1
newa,1
radiofrequency,1
dermaplane,1
celebrityskincare,1
celebrity,1
fit,1
surgeon,1
lipfillerinjections,1
ozempicweightloss,1
ozempic,1
skinvive,1
facebyemer,1
facialsculpting,1
rhinoplasty,1
jimjilbang,1
supergoop,1
ledlighttherapy,1
skincaredevices,1
philosophy,1
KCONLA2024,1
shanidarden,1
hairproduct,1
moroccanoil,1
skinfirst,1
handsanitizer,1
ibiza,1
astrology,1
nordstrom,1
BeautySecrets,1
AntiAging,1
rihanna,1
alopecia,1
wavytalk,1
ulike,1
flatironcurls,1
makeupinspo,1
bindi,1
frudia,1
internationalwomensday,1
skincareproductsthatwork,1
guthealth,1
discover,1
gladiator,1
liposuctionbeforeandafter,1
garnierpartner,1
theinkeylist,1
makeupwipes,1
kylieskin,1
irestore,1
zavantaesthetics,1
iherb,1
bbglow,1
retinolskincare,1
thanksgivingoutfit,1
handtiedextensions,1
zitsticka,1
vitaminC,1
deodorant,1
dermelect,1
cecred,1
nutritionist,1
pinkfriday,1
allblackoutfit,1
hairclinic,1
throwback,1
2010smakeup,1
language,1
SustainableLuxury,1
toner,1
carryonbag,1
foundationspatula,1
lymphaticsystem,1
aifilter,1
cbdskincare,1
SymphonicMD,1
simplifiedskincare,1
comedicwisdom,1
kardashian,1
BrandSafety,1
BeautyLaw,1
estheticians,1
Candles,1
pinky,1
frenchpharmacy,1
kiehls,1
benefitbrows,1
haloglow,1
Serum,1
SunGlow,1
HueDrops,1
firming,1
inkeylist,1
first,1
bananabright,1
niacinemide,1
lipswatch,1
fluffycat,1
cat,1
europeanskincare,1
backstage,1
comedy,1
ricemochicleanser,1
shorthair,1
bobhaircut,1
hypochlorousacid,1
dryshampoo,1
haircutinspiration,1
haircuts,1
jinx,1
leagueoflegends,1
hairextensions,1
RiceMochiCleanser,1
MochiCleanser,1
Arencia,1
acnecleanser,1
kskincare,1
abibcapsuleserum,1
retinoid,1
singing,1
cover,1
guitar,1
SkinWhitening,1
NaturalRemedies,1
GlowUp,1
VideoThatShookTheWorld,1
aquaphor,1
beautytrend,1
acupuncture,1
highfrequency,1
italytravel,1
jewelry,1
florence,1
cats,1
4amstart,1
beautyfinds,1
favorite,1
prfm,1
clearskinjourney,1
CodexLabs,1
HeroProduct,1
BeautyBusiness,1
therabody,1
skincarescience,1
Listennow,1
probioticskincare,1
summerscent,1
osea,1
BananaBright,1
aprilfavorites,1
coolingmask,1
niacinamide,1
nyeplans,1
nighttime,1
vanilla,1
bodybutter,1
espresso,1
neutralmakeup,1
blushswatch,1
empties,1
cheekstain,1
highbeam,1
liquidexfoliant,1
luminousskin,1
firstimpressions,1
hydrabright,1
livingproof,1
sauna,1
ledpanel,1
tvmakeupartist,1
solidbeauty,1
07,1
peach,1
cheek,1
clearcoatspf,1
dibsbeauty,1
Vibes,1
aliabhatt,1
art,1
tamil,1
BeautyHack,1
stylencomfort,1
lucifer,1
MakeupMagic,1
HaniaAmirMakeup,1
LipTemptation,1
beautygiveaway,1
PinkLipsVibes,1
pocketcoffee,1
ricewaterbenefits,1
foundationhack,1
subtleforeshadowing,1
acnemarks,1
highmaintenance,1
hairrollers,1
earseeding,1
beautyfaves,1
proposal,1
engaged,1
ledhelmet,1
undereyes,1
hairtreatment,1
skintreatment,1
empty,1
toxicrelationship,1
diamonds,1
graphiceyeliner,1
baddie,1
trendingnow,1
handcare,1
blushnglam,1
happythanksgiving,1
weddinggowns,1
help,1
anxiety,1
narcissisticparent,1
waterproof,1
curlyhairstyles,1
cargopant,1
indiangirl,1
mobwife,1
darkestshade,1
BROWNGIRL,1
indianauntie,1
beautyroutine,1
southasianfashion,1
bipty,1
beachywaves,1
darkfeminine,1
makeuptrend,1
toxicmom,1
indianvlogger,1
mango,1
gift,1
fitnessjourney,1
smooth,1
devil,1
draping,1
transitionqueen,1
flowers,1
asthetic,1
affordablelipstick,1
therapy,1
makeuptherapy,1
nehakakkar,1
mererashkekamar,1
rakshabandhanmakeup,1
translucentpowder,1
facepowder,1
marscosmetics,1
mascaras,1
eyelashextensions,1
bestmascara,1
meme,1
pumpkin,1
mole,1
marilynmonroequotes,1
marilyn,1
selenagomez,1
skincareproduct,1
spfprotection,1
drugstorefavorites,1
makeupcreator,1
diamond,1
rhinestones,1
husband,1
butterfly,1
spookyseason,1
spooky,1
grwmchitchat,1
digitalcamera,1
skinclinic,1
tulipseason,1
koreavlog,1
homeworkout,1
yap,1
tiktokmakeup,1
southasia,1
tiktokban,1
lifestylevlog,1
workoutathome,1
affiliate,1
lilacstlashes,1
diml,1
beautyinfluencer,1
asteroid,1
stupid,1
amsterdam,1
dayinmylife,1
skintransformation,1
celebrityhair,1
travelmakeup,1
grandmaskincare,1
travelstories,1
flywithme,1
FacialRejuvenation,1
WrinklePrevention,1
koreantrends,1
beats,1
vtcosmetics,1
cr7,1
koreatrip,1
traveltips,1
lifeinkorea,1
streetfood,1
costume,1
curlsqueen,1
chronicallylate,1
spaday,1
harris2024,1
kamalaharris,1
makeuplovers,1
washngo,1
4cnaturalhair,1
naturalhairstyles,1
4cwashday,1
fentyhairreview,1
blackhairstyles,1
relaxedhair,1
halfuphalfdownhairstyle,1
protectivestyles,1
clipins,1
seoulcheckin,1
blackyoutuber,1
creator,1
vloggingcamera,1
tiktokmemes,1
beautystandards,1
silkyblowout,1
christmasoutfit,1
furcoat,1
halloweencostume,1
thoughtoftheday,1
highcontrast,1
darkspot,1
birthdayvlog,1
birthdaycelebration,1
alphah,1
jvnhair,1
ExpediaPartner,1
nctdream,1
supplements,1
acnecare,1
pinkskincare,1
peachmakeup,1
peeloffmask,1
holygrail,1
christmaseve,1
jungsaemmool,1
ttpd,1
taylorswift,1
lippies,1
3dvoluminggloss,1
puddingpot,1
jisung,1
dreame,1
lanadelrey,1
focallure,1
glowishere,1
milktouch,1
grafen,1
tintedlipbalm,1
koreanlipbalm,1
blackpink,1
blackpinkjennie,1
jennie,1
hera,1
armageddon,1
æspa,1
enhypen,1
chinese,1
dollette,1
grwmcosmetics,1
nusecareliptual,1
weddingmakeup,1
numbuzin,1
relatablecontent,1
Fyp,1
bleaching,1
eyebrowbleaching,1
glowybase,1
dysonairstrait,1
dyson,1
nycchristmas,1
nycholiday,1
midface,1
rmsbeauty,1
koreanskincareforacne,1
koreanflightattendant,1
koreanwedding,1
lessarafim,1
collagenforskincare,1
neckcare,1
rejuran,1
spiculeserum,1
yureelab,1
perfumecollection,1
schooltime,1
iplhairremoval,1
healthtips,1
stress,1
hotel,1
warmtone,1
kbeautylover,1
contactlenses,1
skullpanda,1
crocs,1
christmasdecor,1
china,1
beautifullybold,1
moda,1
roseinc,1
BeautifullyBold,1
familyguy,1
mattelips,1
stationery,1
stickers,1
bunnytongue,1
notme,1
manga,1
black,1
faceglitter,1
mkeup,1
matte,1
facepalettemakeup,1
smallbizz,1
eyeshaow,1
mak,1
keychain,1
smallbussines,1
dayone,1
squidgames,1
illit,1
meovv,1
bacne,1
throwbacks,1
xiahongshu,1
틴트,1
크리오,1
corrector,1
face,1
aespagiselle,1
abib,1
speaker,1
divoom,1
mimumimu,1
soufflé,1
gloss,1
hydrogelmask,1
beautybox,1
tosowoong,1
flowerknowsmakeup,1
colorgram,1
kissoflife,1
needly,1
ATEEZ,1
aoucosmetics,1
otwoo,1
sephorabeautycommunity,1
otwoocosmetics,1
kirby,1
YSKIRBY,1
naturewonderland,1
naturerepublicph,1
kimjiwon,1
aoufloofymattebalm,1
nuse,1
stylekorean,1
kimkardashian,1
kyliecosmetics,1
blondy,1
blonde,1
centella,1
christmastree,1
nailartdesigns,1
patricktabeauty,1
turkey,1
chanelbag,1
popularbeauty,1
viralbeauty,1
asianskincare,1
ceramic,1
3ce,1
ultafallhaul,1
beautytreatment,1
artificialintelligence,1
glowpick,1
luxuryhaul,1
vday,1
daily,1
quick,1
istanbul,1
bestselling,1
makeupcollection,1
declutter,1
catlovers,1
reset,1
cleaningmotivation,1
musthaves,1
pyunkangyul,1
dryskincare,1
sephorasavingsevent,1
zincoxide,1
pastudent,1
curlyhairproblems,1
dysonairwrap,1
laserhairremovaltreatment,1
morphe,1
luxuryhandbags,1
lawofattraction,1
youthtothepeople,1
mattemakeup,1
avene,1
makeupfavorites,1
plumper,1
Highlighter,1
Glow,1
skincareunboxing,1
forgetthefiller,1
hydrating,1
gym,1
oilyskincare,1
smootherskin,1
breakouts,1
thewedding,1
mask,1
spring,1
puffyeyes,1
eyebags,1
drbrandt,1
cream,1
hydrated,1
luminous,1
procollagen,1
sofiepavitt,1
faceserumforoilyskin,1
whiteheads,1
greentea,1
kbeautyskincare,1
linenpants,1
keyssoulcare,1
selfconcept,1
saylessfamily,1
womenempowerment,1
earlgreysyrup,1
onskin,1
eczema,1
tips,1
tipsandtricks,1
bubble,1
lipstickhacks,1
asmrcommunity,1
makeupclasses,1
makeupmasterclass,1
medik8,1
groceryshopping,1
facetheory,1
matchasyrup,1
homemadesyrup,1
earlgrey,1
cocoandeve,1
dentist,1
kids,1
facts,1
funfacts,1
oilcleanser,1
hurricanemilton,1
hurricane,1
fypyoutube,1
routinevlog,1
dailyvlog,1
stanley,1
kidsvideos,1
kidsvideo,1
women,1
amiro,1
nose,1
levelup,1
removal,1
silkyhair,1
curlyroutine,1
curlyhairgirl,1
shorttolonghair,1
indianhair,1
facialhairremoval,1
curlyhairhairstyles,1
longcurlyhair,1
lashesforbeginners,1
powderhack,1
grunge,1
paint,1
prolash,1
hairhealth,1
contourtips,1
muradpartner,1
booktok,1
easyhairstyle,1
liplinerhack,1
dreams,1
froartistry,1
makeupback,1
volumehack,1
linerhack,1
liner,1
easybake,1
sweaty,1
sweat,1
bestie,1
game,1
np,1
